# name|type|location|price|beds|bathroom|size|photo
Tampines Condo Reference|Condo|Tampines|2800|2|2|850|0
Tampines Condo Budget Match|Condo|Tampines|2700|2|2|800|1
Tampines Condo Spacious Match|Condo|Tampines|2900|2|2|950|2
Tampines HDB Family Home|HDB|Tampines|2200|3|2|1000|3
Tampines Condo Above Budget|Condo|Tampines|3300|2|2|1000|0
Bedok Condo Retreat|Condo|Bedok|2600|2|2|800|2
Bedok HDB Compact Home|HDB|Bedok|1900|2|1|700|1
Woodlands HDB Budget Reference|HDB|Woodlands|1600|2|1|700|3
Woodlands HDB Budget Match|HDB|Woodlands|1650|2|1|750|0
Woodlands HDB Family Home|HDB|Woodlands|1800|3|2|1000|1
Jurong East HDB Family Home|HDB|Jurong East|2300|3|2|1050|2
Jurong East Condo Retreat|Condo|Jurong East|3000|2|2|850|3
Punggol HDB Family Home|HDB|Punggol|2100|3|2|1000|0
Punggol Condo Family Home|Condo|Punggol|3200|3|2|1150|1
Bishan Condo Compact Home|Condo|Bishan|2900|1|1|600|2
Queenstown HDB Compact Home|HDB|Queenstown|2400|2|1|750|3
Bukit Timah Landed Garden Home|Landed|Bukit Timah|6500|4|3|2400|1
Bedok Landed Family Home|Landed|Bedok|5200|4|3|2100|0
